[{"model": "admin.logentry", "pk": 1, "fields": {"action_time": "2025-02-05T19:41:50.741Z", "user": 1, "content_type": 8, "object_id": "1", "object_repr": "Inception - Nolan", "action_flag": 1, "change_message": "[{\"added\": {}}]"}}, {"model": "admin.logentry", "pk": 2, "fields": {"action_time": "2025-02-05T19:42:17.789Z", "user": 1, "content_type": 8, "object_id": "2", "object_repr": "Pulp Fiction - Tarantino", "action_flag": 1, "change_message": "[{\"added\": {}}]"}}, {"model": "admin.logentry", "pk": 3, "fields": {"action_time": "2025-02-05T19:42:45.056Z", "user": 1, "content_type": 8, "object_id": "3", "object_repr": "Jurassic Park - Spielberg", "action_flag": 1, "change_message": "[{\"added\": {}}]"}}, {"model": "admin.logentry", "pk": 4, "fields": {"action_time": "2025-02-05T19:43:17.750Z", "user": 1, "content_type": 8, "object_id": "4", "object_repr": "The Wolf of Wall Street - Scorsese", "action_flag": 1, "change_message": "[{\"added\": {}}]"}}, {"model": "admin.logentry", "pk": 5, "fields": {"action_time": "2025-02-05T19:44:03.152Z", "user": 1, "content_type": 8, "object_id": "5", "object_repr": "Avatar - Cameron", "action_flag": 1, "change_message": "[{\"added\": {}}]"}}, {"model": "admin.logentry", "pk": 6, "fields": {"action_time": "2025-02-05T19:45:06.130Z", "user": 1, "content_type": 8, "object_id": "6", "object_repr": "Fight Club - Fincher", "action_flag": 1, "change_message": "[{\"added\": {}}]"}}, {"model": "admin.logentry", "pk": 7, "fields": {"action_time": "2025-02-05T19:45:38.691Z", "user": 1, "content_type": 7, "object_id": "7", "object_repr": "Scott", "action_flag": 1, "change_message": "[{\"added\": {}}]"}}, {"model": "admin.logentry", "pk": 8, "fields": {"action_time": "2025-02-05T19:46:15.894Z", "user": 1, "content_type": 8, "object_id": "7", "object_repr": "Gladiator - Scott", "action_flag": 1, "change_message": "[{\"added\": {}}]"}}, {"model": "admin.logentry", "pk": 9, "fields": {"action_time": "2025-02-05T19:46:35.218Z", "user": 1, "content_type": 7, "object_id": "1", "object_repr": "Christopher Nolan", "action_flag": 2, "change_message": "[{\"changed\": {\"fields\": [\"Name\"]}}]"}}, {"model": "admin.logentry", "pk": 10, "fields": {"action_time": "2025-02-05T19:46:44.150Z", "user": 1, "content_type": 7, "object_id": "2", "object_repr": "Quentin Tarantino", "action_flag": 2, "change_message": "[{\"changed\": {\"fields\": [\"Name\"]}}]"}}, {"model": "admin.logentry", "pk": 11, "fields": {"action_time": "2025-02-05T19:46:52.488Z", "user": 1, "content_type": 7, "object_id": "3", "object_repr": "Steven Spielberg", "action_flag": 2, "change_message": "[{\"changed\": {\"fields\": [\"Name\"]}}]"}}, {"model": "admin.logentry", "pk": 12, "fields": {"action_time": "2025-02-05T19:47:04.064Z", "user": 1, "content_type": 7, "object_id": "4", "object_repr": "James Cameron", "action_flag": 2, "change_message": "[{\"changed\": {\"fields\": [\"Name\"]}}]"}}, {"model": "admin.logentry", "pk": 13, "fields": {"action_time": "2025-02-05T19:47:15.564Z", "user": 1, "content_type": 7, "object_id": "5", "object_repr": "David Fincher", "action_flag": 2, "change_message": "[{\"changed\": {\"fields\": [\"Name\"]}}]"}}, {"model": "admin.logentry", "pk": 14, "fields": {"action_time": "2025-02-05T19:47:24.891Z", "user": 1, "content_type": 7, "object_id": "6", "object_repr": "Martin Scorsese", "action_flag": 2, "change_message": "[{\"changed\": {\"fields\": [\"Name\"]}}]"}}, {"model": "admin.logentry", "pk": 15, "fields": {"action_time": "2025-02-05T19:47:40.495Z", "user": 1, "content_type": 7, "object_id": "7", "object_repr": "Ridley Scott", "action_flag": 2, "change_message": "[{\"changed\": {\"fields\": [\"Name\"]}}]"}}, {"model": "admin.logentry", "pk": 16, "fields": {"action_time": "2025-02-05T19:47:56.419Z", "user": 1, "content_type": 7, "object_id": "8", "object_repr": "Guillermo del Toro", "action_flag": 1, "change_message": "[{\"added\": {}}]"}}, {"model": "admin.logentry", "pk": 17, "fields": {"action_time": "2025-02-05T19:48:42.958Z", "user": 1, "content_type": 8, "object_id": "8", "object_repr": "Pan’s Labyrinth - Guillermo del Toro", "action_flag": 1, "change_message": "[{\"added\": {}}]"}}, {"model": "admin.logentry", "pk": 18, "fields": {"action_time": "2025-02-05T19:50:19.191Z", "user": 1, "content_type": 8, "object_id": "1", "object_repr": "Inception - Christopher Nolan", "action_flag": 2, "change_message": "[{\"changed\": {\"fields\": [\"Description\"]}}]"}}, {"model": "admin.logentry", "pk": 19, "fields": {"action_time": "2025-02-05T19:50:28.442Z", "user": 1, "content_type": 8, "object_id": "2", "object_repr": "Pulp Fiction - Quentin Tarantino", "action_flag": 2, "change_message": "[{\"changed\": {\"fields\": [\"Description\"]}}]"}}, {"model": "admin.logentry", "pk": 20, "fields": {"action_time": "2025-02-05T19:50:37.215Z", "user": 1, "content_type": 8, "object_id": "3", "object_repr": "Jurassic Park - Steven Spielberg", "action_flag": 2, "change_message": "[{\"changed\": {\"fields\": [\"Description\"]}}]"}}, {"model": "admin.logentry", "pk": 21, "fields": {"action_time": "2025-02-05T19:50:47.826Z", "user": 1, "content_type": 8, "object_id": "4", "object_repr": "The Wolf of Wall Street - Martin Scorsese", "action_flag": 2, "change_message": "[{\"changed\": {\"fields\": [\"Description\"]}}]"}}, {"model": "admin.logentry", "pk": 22, "fields": {"action_time": "2025-02-05T19:50:57.958Z", "user": 1, "content_type": 8, "object_id": "4", "object_repr": "The Wolf of Wall Street - Martin Scorsese", "action_flag": 2, "change_message": "[]"}}, {"model": "admin.logentry", "pk": 23, "fields": {"action_time": "2025-02-05T19:51:03.251Z", "user": 1, "content_type": 8, "object_id": "4", "object_repr": "The Wolf of Wall Street - Martin Scorsese", "action_flag": 2, "change_message": "[]"}}, {"model": "admin.logentry", "pk": 24, "fields": {"action_time": "2025-02-05T19:51:13.339Z", "user": 1, "content_type": 8, "object_id": "5", "object_repr": "Avatar - James Cameron", "action_flag": 2, "change_message": "[{\"changed\": {\"fields\": [\"Description\"]}}]"}}, {"model": "admin.logentry", "pk": 25, "fields": {"action_time": "2025-02-05T19:51:25.963Z", "user": 1, "content_type": 8, "object_id": "6", "object_repr": "Fight Club - David Fincher", "action_flag": 2, "change_message": "[{\"changed\": {\"fields\": [\"Description\"]}}]"}}, {"model": "admin.logentry", "pk": 26, "fields": {"action_time": "2025-02-05T19:51:41.664Z", "user": 1, "content_type": 8, "object_id": "7", "object_repr": "Gladiator - Ridley Scott", "action_flag": 2, "change_message": "[{\"changed\": {\"fields\": [\"Description\"]}}]"}}, {"model": "admin.logentry", "pk": 27, "fields": {"action_time": "2025-02-05T19:51:55.904Z", "user": 1, "content_type": 8, "object_id": "8", "object_repr": "Pan’s Labyrinth - Guillermo del Toro", "action_flag": 2, "change_message": "[{\"changed\": {\"fields\": [\"Description\"]}}]"}}, {"model": "admin.logentry", "pk": 28, "fields": {"action_time": "2025-02-05T19:52:36.996Z", "user": 1, "content_type": 9, "object_id": "1", "object_repr": "Review object (1)", "action_flag": 1, "change_message": "[{\"added\": {}}]"}}, {"model": "admin.logentry", "pk": 29, "fields": {"action_time": "2025-02-05T19:53:59.667Z", "user": 1, "content_type": 9, "object_id": "2", "object_repr": "Pulp Fiction - Quentin Tarantino", "action_flag": 1, "change_message": "[{\"added\": {}}]"}}, {"model": "admin.logentry", "pk": 30, "fields": {"action_time": "2025-02-05T19:54:09.769Z", "user": 1, "content_type": 9, "object_id": "3", "object_repr": "Jurassic Park - Steven Spielberg", "action_flag": 1, "change_message": "[{\"added\": {}}]"}}, {"model": "admin.logentry", "pk": 31, "fields": {"action_time": "2025-02-05T19:54:23.366Z", "user": 1, "content_type": 9, "object_id": "4", "object_repr": "The Wolf of Wall Street - Martin Scorsese", "action_flag": 1, "change_message": "[{\"added\": {}}]"}}, {"model": "admin.logentry", "pk": 32, "fields": {"action_time": "2025-02-05T19:54:41.999Z", "user": 1, "content_type": 9, "object_id": "5", "object_repr": "Avatar - James Cameron", "action_flag": 1, "change_message": "[{\"added\": {}}]"}}, {"model": "admin.logentry", "pk": 33, "fields": {"action_time": "2025-02-05T19:54:55.354Z", "user": 1, "content_type": 9, "object_id": "6", "object_repr": "Fight Club - David Fincher", "action_flag": 1, "change_message": "[{\"added\": {}}]"}}, {"model": "admin.logentry", "pk": 34, "fields": {"action_time": "2025-02-05T19:55:08.540Z", "user": 1, "content_type": 9, "object_id": "7", "object_repr": "Gladiator - Ridley Scott", "action_flag": 1, "change_message": "[{\"added\": {}}]"}}, {"model": "admin.logentry", "pk": 35, "fields": {"action_time": "2025-02-05T19:55:22.546Z", "user": 1, "content_type": 9, "object_id": "8", "object_repr": "Pan’s Labyrinth - Guillermo del Toro", "action_flag": 1, "change_message": "[{\"added\": {}}]"}}, {"model": "admin.logentry", "pk": 36, "fields": {"action_time": "2025-02-09T17:16:39.931Z", "user": 1, "content_type": 9, "object_id": "8", "object_repr": "Pan’s Labyrinth - Guillermo del Toro", "action_flag": 2, "change_message": "[{\"changed\": {\"fields\": [\"Stars\"]}}]"}}, {"model": "admin.logentry", "pk": 37, "fields": {"action_time": "2025-02-09T17:16:47.165Z", "user": 1, "content_type": 9, "object_id": "7", "object_repr": "Gladiator - Ridley Scott", "action_flag": 2, "change_message": "[{\"changed\": {\"fields\": [\"Stars\"]}}]"}}, {"model": "admin.logentry", "pk": 38, "fields": {"action_time": "2025-02-09T17:16:51.028Z", "user": 1, "content_type": 9, "object_id": "3", "object_repr": "Jurassic Park - Steven Spielberg", "action_flag": 2, "change_message": "[{\"changed\": {\"fields\": [\"Stars\"]}}]"}}, {"model": "admin.logentry", "pk": 39, "fields": {"action_time": "2025-02-09T17:16:54.205Z", "user": 1, "content_type": 9, "object_id": "1", "object_repr": "Inception - Christopher Nolan", "action_flag": 2, "change_message": "[{\"changed\": {\"fields\": [\"Stars\"]}}]"}}, {"model": "admin.logentry", "pk": 40, "fields": {"action_time": "2025-02-09T17:16:57.181Z", "user": 1, "content_type": 9, "object_id": "6", "object_repr": "Fight Club - David Fincher", "action_flag": 2, "change_message": "[{\"changed\": {\"fields\": [\"Stars\"]}}]"}}, {"model": "admin.logentry", "pk": 41, "fields": {"action_time": "2025-02-09T17:17:25.361Z", "user": 1, "content_type": 9, "object_id": "9", "object_repr": "Pulp Fiction - Quentin Tarantino", "action_flag": 1, "change_message": "[{\"added\": {}}]"}}, {"model": "admin.logentry", "pk": 42, "fields": {"action_time": "2025-02-09T17:50:01.244Z", "user": 1, "content_type": 8, "object_id": "9", "object_repr": "о - Christopher Nolan", "action_flag": 1, "change_message": "[{\"added\": {}}]"}}, {"model": "admin.logentry", "pk": 43, "fields": {"action_time": "2025-02-09T17:50:28.250Z", "user": 1, "content_type": 8, "object_id": "10", "object_repr": "б - David Fincher", "action_flag": 1, "change_message": "[{\"added\": {}}]"}}, {"model": "admin.logentry", "pk": 44, "fields": {"action_time": "2025-02-09T17:50:44.590Z", "user": 1, "content_type": 8, "object_id": "11", "object_repr": "в - James Cameron", "action_flag": 1, "change_message": "[{\"added\": {}}]"}}, {"model": "admin.logentry", "pk": 45, "fields": {"action_time": "2025-02-09T17:50:54.996Z", "user": 1, "content_type": 8, "object_id": "12", "object_repr": "д - Quentin Tarantino", "action_flag": 1, "change_message": "[{\"added\": {}}]"}}, {"model": "admin.logentry", "pk": 46, "fields": {"action_time": "2025-02-09T17:51:07.254Z", "user": 1, "content_type": 8, "object_id": "13", "object_repr": "ааа - Christopher Nolan", "action_flag": 1, "change_message": "[{\"added\": {}}]"}}, {"model": "admin.logentry", "pk": 47, "fields": {"action_time": "2025-02-09T17:52:46.768Z", "user": 1, "content_type": 9, "object_id": "10", "object_repr": "Inception - Christopher Nolan", "action_flag": 1, "change_message": "[{\"added\": {}}]"}}, {"model": "admin.logentry", "pk": 48, "fields": {"action_time": "2025-02-09T17:53:18.000Z", "user": 1, "content_type": 9, "object_id": "11", "object_repr": "Pulp Fiction - Quentin Tarantino", "action_flag": 1, "change_message": "[{\"added\": {}}]"}}, {"model": "admin.logentry", "pk": 49, "fields": {"action_time": "2025-02-09T18:05:24.612Z", "user": 1, "content_type": 9, "object_id": "11", "object_repr": "Pulp Fiction - Quentin Tarantino", "action_flag": 3, "change_message": ""}}, {"model": "admin.logentry", "pk": 50, "fields": {"action_time": "2025-02-09T18:05:24.612Z", "user": 1, "content_type": 9, "object_id": "10", "object_repr": "Inception - Christopher Nolan", "action_flag": 3, "change_message": ""}}, {"model": "admin.logentry", "pk": 51, "fields": {"action_time": "2025-02-09T18:05:24.612Z", "user": 1, "content_type": 9, "object_id": "9", "object_repr": "Pulp Fiction - Quentin Tarantino", "action_flag": 3, "change_message": ""}}, {"model": "admin.logentry", "pk": 52, "fields": {"action_time": "2025-02-09T18:05:55.645Z", "user": 1, "content_type": 9, "object_id": "12", "object_repr": "Inception - Christopher Nolan", "action_flag": 1, "change_message": "[{\"added\": {}}]"}}, {"model": "admin.logentry", "pk": 53, "fields": {"action_time": "2025-02-09T18:06:08.904Z", "user": 1, "content_type": 9, "object_id": "13", "object_repr": "The Wolf of Wall Street - Martin Scorsese", "action_flag": 1, "change_message": "[{\"added\": {}}]"}}, {"model": "admin.logentry", "pk": 54, "fields": {"action_time": "2025-02-09T18:06:45.175Z", "user": 1, "content_type": 9, "object_id": "14", "object_repr": "о - Christopher Nolan", "action_flag": 1, "change_message": "[{\"added\": {}}]"}}, {"model": "admin.logentry", "pk": 55, "fields": {"action_time": "2025-02-09T18:07:00.044Z", "user": 1, "content_type": 9, "object_id": "15", "object_repr": "б - David Fincher", "action_flag": 1, "change_message": "[{\"added\": {}}]"}}, {"model": "admin.logentry", "pk": 56, "fields": {"action_time": "2025-02-09T18:07:15.191Z", "user": 1, "content_type": 9, "object_id": "16", "object_repr": "в - James Cameron", "action_flag": 1, "change_message": "[{\"added\": {}}]"}}, {"model": "admin.logentry", "pk": 57, "fields": {"action_time": "2025-02-09T18:07:31.072Z", "user": 1, "content_type": 9, "object_id": "17", "object_repr": "д - Quentin Tarantino", "action_flag": 1, "change_message": "[{\"added\": {}}]"}}, {"model": "admin.logentry", "pk": 58, "fields": {"action_time": "2025-02-09T18:07:39.311Z", "user": 1, "content_type": 9, "object_id": "18", "object_repr": "ааа - Christopher Nolan", "action_flag": 1, "change_message": "[{\"added\": {}}]"}}, {"model": "admin.logentry", "pk": 59, "fields": {"action_time": "2025-02-09T18:08:34.021Z", "user": 1, "content_type": 8, "object_id": "14", "object_repr": "о - Guillermo del Toro", "action_flag": 1, "change_message": "[{\"added\": {}}]"}}, {"model": "admin.logentry", "pk": 60, "fields": {"action_time": "2025-02-09T18:08:51.653Z", "user": 1, "content_type": 8, "object_id": "15", "object_repr": "ооо - Guillermo del Toro", "action_flag": 1, "change_message": "[{\"added\": {}}]"}}, {"model": "admin.logentry", "pk": 61, "fields": {"action_time": "2025-02-12T23:49:13.456Z", "user": 1, "content_type": 8, "object_id": "16", "object_repr": "ho - hoa", "action_flag": 1, "change_message": "[{\"added\": {}}]"}}, {"model": "admin.logentry", "pk": 62, "fields": {"action_time": "2025-02-12T23:58:23.942Z", "user": 1, "content_type": 8, "object_id": "18", "object_repr": "hoah - Christopher Nolan", "action_flag": 3, "change_message": ""}}, {"model": "admin.logentry", "pk": 63, "fields": {"action_time": "2025-02-12T23:58:23.942Z", "user": 1, "content_type": 8, "object_id": "17", "object_repr": "hoah - Christopher Nolan", "action_flag": 3, "change_message": ""}}, {"model": "admin.logentry", "pk": 64, "fields": {"action_time": "2025-02-12T23:58:53.183Z", "user": 1, "content_type": 8, "object_id": "20", "object_repr": "hoah - Guillermo del Toro", "action_flag": 3, "change_message": ""}}, {"model": "admin.logentry", "pk": 65, "fields": {"action_time": "2025-02-13T00:17:34.135Z", "user": 1, "content_type": 9, "object_id": "21", "object_repr": "Jurassic Park - Steven Spielberg", "action_flag": 3, "change_message": ""}}, {"model": "admin.logentry", "pk": 66, "fields": {"action_time": "2025-02-13T00:17:34.135Z", "user": 1, "content_type": 9, "object_id": "20", "object_repr": "Jurassic Park - Steven Spielberg", "action_flag": 3, "change_message": ""}}, {"model": "admin.logentry", "pk": 67, "fields": {"action_time": "2025-02-13T00:17:38.523Z", "user": 1, "content_type": 9, "object_id": "19", "object_repr": "Jurassic Park - Steven Spielberg", "action_flag": 3, "change_message": ""}}, {"model": "admin.logentry", "pk": 68, "fields": {"action_time": "2025-02-16T19:05:26.280Z", "user": 1, "content_type": 8, "object_id": "29", "object_repr": "oh - Steven Spielberg", "action_flag": 3, "change_message": ""}}, {"model": "admin.logentry", "pk": 69, "fields": {"action_time": "2025-02-16T19:05:26.280Z", "user": 1, "content_type": 8, "object_id": "28", "object_repr": "oh - Steven Spielberg", "action_flag": 3, "change_message": ""}}, {"model": "admin.logentry", "pk": 70, "fields": {"action_time": "2025-02-16T19:05:26.280Z", "user": 1, "content_type": 8, "object_id": "27", "object_repr": "oh - Steven Spielberg", "action_flag": 3, "change_message": ""}}, {"model": "admin.logentry", "pk": 71, "fields": {"action_time": "2025-02-16T19:05:26.280Z", "user": 1, "content_type": 8, "object_id": "26", "object_repr": "oh - Steven Spielberg", "action_flag": 3, "change_message": ""}}, {"model": "admin.logentry", "pk": 72, "fields": {"action_time": "2025-02-16T19:05:26.280Z", "user": 1, "content_type": 8, "object_id": "25", "object_repr": "oh - Steven Spielberg", "action_flag": 3, "change_message": ""}}, {"model": "admin.logentry", "pk": 73, "fields": {"action_time": "2025-02-16T19:05:26.280Z", "user": 1, "content_type": 8, "object_id": "24", "object_repr": "oh - Christopher Nolan", "action_flag": 3, "change_message": ""}}, {"model": "admin.logentry", "pk": 74, "fields": {"action_time": "2025-02-16T19:05:26.280Z", "user": 1, "content_type": 8, "object_id": "23", "object_repr": "oh - oooooooooo", "action_flag": 3, "change_message": ""}}, {"model": "admin.logentry", "pk": 75, "fields": {"action_time": "2025-02-16T19:05:26.280Z", "user": 1, "content_type": 8, "object_id": "22", "object_repr": "oh - oooooooooo", "action_flag": 3, "change_message": ""}}, {"model": "admin.logentry", "pk": 76, "fields": {"action_time": "2025-02-16T19:05:26.280Z", "user": 1, "content_type": 8, "object_id": "21", "object_repr": "oh - oooooooooo", "action_flag": 3, "change_message": ""}}, {"model": "admin.logentry", "pk": 77, "fields": {"action_time": "2025-02-16T19:05:34.723Z", "user": 1, "content_type": 9, "object_id": "27", "object_repr": "Pulp Fiction - Quentin Tarantino", "action_flag": 3, "change_message": ""}}, {"model": "admin.logentry", "pk": 78, "fields": {"action_time": "2025-02-16T19:05:34.723Z", "user": 1, "content_type": 9, "object_id": "26", "object_repr": "Pulp Fiction - Quentin Tarantino", "action_flag": 3, "change_message": ""}}, {"model": "admin.logentry", "pk": 79, "fields": {"action_time": "2025-02-16T19:05:34.723Z", "user": 1, "content_type": 9, "object_id": "25", "object_repr": "Pulp Fiction - Quentin Tarantino", "action_flag": 3, "change_message": ""}}, {"model": "admin.logentry", "pk": 80, "fields": {"action_time": "2025-02-16T19:05:34.723Z", "user": 1, "content_type": 9, "object_id": "24", "object_repr": "Pulp Fiction - Quentin Tarantino", "action_flag": 3, "change_message": ""}}, {"model": "admin.logentry", "pk": 81, "fields": {"action_time": "2025-02-16T19:05:34.723Z", "user": 1, "content_type": 9, "object_id": "23", "object_repr": "Pulp Fiction - Quentin Tarantino", "action_flag": 3, "change_message": ""}}, {"model": "admin.logentry", "pk": 82, "fields": {"action_time": "2025-02-16T19:05:48.499Z", "user": 1, "content_type": 7, "object_id": "14", "object_repr": "oooooooooo", "action_flag": 3, "change_message": ""}}, {"model": "admin.logentry", "pk": 83, "fields": {"action_time": "2025-02-16T19:05:48.499Z", "user": 1, "content_type": 7, "object_id": "13", "object_repr": "oooo", "action_flag": 3, "change_message": ""}}, {"model": "admin.logentry", "pk": 84, "fields": {"action_time": "2025-02-16T19:05:48.499Z", "user": 1, "content_type": 7, "object_id": "12", "object_repr": "a", "action_flag": 3, "change_message": ""}}, {"model": "admin.logentry", "pk": 85, "fields": {"action_time": "2025-02-16T19:08:22.793Z", "user": 1, "content_type": 9, "object_id": "28", "object_repr": "Pulp Fiction - Quentin Tarantino", "action_flag": 3, "change_message": ""}}, {"model": "admin.logentry", "pk": 86, "fields": {"action_time": "2025-02-16T19:08:22.793Z", "user": 1, "content_type": 9, "object_id": "18", "object_repr": "ааа - Christopher Nolan", "action_flag": 3, "change_message": ""}}, {"model": "admin.logentry", "pk": 87, "fields": {"action_time": "2025-02-16T19:09:08.352Z", "user": 1, "content_type": 9, "object_id": "29", "object_repr": "hoah - Guillermo del Toro", "action_flag": 3, "change_message": ""}}, {"model": "admin.logentry", "pk": 88, "fields": {"action_time": "2025-02-16T19:12:03.418Z", "user": 1, "content_type": 8, "object_id": "31", "object_repr": "oh - Ridley Scott", "action_flag": 3, "change_message": ""}}, {"model": "admin.logentry", "pk": 89, "fields": {"action_time": "2025-02-16T19:12:03.418Z", "user": 1, "content_type": 8, "object_id": "30", "object_repr": "oh - Steven Spielberg", "action_flag": 3, "change_message": ""}}, {"model": "admin.logentry", "pk": 90, "fields": {"action_time": "2025-02-16T19:12:03.418Z", "user": 1, "content_type": 8, "object_id": "15", "object_repr": "ооо - Guillermo del Toro", "action_flag": 3, "change_message": ""}}, {"model": "admin.logentry", "pk": 91, "fields": {"action_time": "2025-02-16T19:12:03.418Z", "user": 1, "content_type": 8, "object_id": "14", "object_repr": "о - Guillermo del Toro", "action_flag": 3, "change_message": ""}}, {"model": "admin.logentry", "pk": 92, "fields": {"action_time": "2025-02-16T19:12:03.418Z", "user": 1, "content_type": 8, "object_id": "13", "object_repr": "ааа - Christopher Nolan", "action_flag": 3, "change_message": ""}}, {"model": "admin.logentry", "pk": 93, "fields": {"action_time": "2025-02-16T19:12:11.563Z", "user": 1, "content_type": 8, "object_id": "12", "object_repr": "д - Quentin Tarantino", "action_flag": 3, "change_message": ""}}, {"model": "admin.logentry", "pk": 94, "fields": {"action_time": "2025-02-16T19:12:11.563Z", "user": 1, "content_type": 8, "object_id": "11", "object_repr": "в - James Cameron", "action_flag": 3, "change_message": ""}}, {"model": "admin.logentry", "pk": 95, "fields": {"action_time": "2025-02-16T19:12:11.563Z", "user": 1, "content_type": 8, "object_id": "10", "object_repr": "б - David Fincher", "action_flag": 3, "change_message": ""}}, {"model": "admin.logentry", "pk": 96, "fields": {"action_time": "2025-02-16T19:12:11.563Z", "user": 1, "content_type": 8, "object_id": "9", "object_repr": "о - Christopher Nolan", "action_flag": 3, "change_message": ""}}, {"model": "admin.logentry", "pk": 97, "fields": {"action_time": "2025-02-16T19:12:22.434Z", "user": 1, "content_type": 7, "object_id": "15", "object_repr": "aaaaaaaa", "action_flag": 3, "change_message": ""}}, {"model": "admin.logentry", "pk": 98, "fields": {"action_time": "2025-02-16T19:12:45.847Z", "user": 1, "content_type": 9, "object_id": "17", "object_repr": "hoah - Guillermo del Toro", "action_flag": 3, "change_message": ""}}, {"model": "admin.logentry", "pk": 99, "fields": {"action_time": "2025-02-16T19:12:45.847Z", "user": 1, "content_type": 9, "object_id": "3", "object_repr": "Pulp Fiction - Quentin Tarantino", "action_flag": 3, "change_message": ""}}, {"model": "admin.logentry", "pk": 100, "fields": {"action_time": "2025-02-16T19:12:45.847Z", "user": 1, "content_type": 9, "object_id": "1", "object_repr": "hoah - Guillermo del Toro", "action_flag": 3, "change_message": ""}}, {"model": "admin.logentry", "pk": 101, "fields": {"action_time": "2025-02-20T14:44:01.632Z", "user": 1, "content_type": 4, "object_id": "2", "object_repr": "admin2", "action_flag": 2, "change_message": "[{\"changed\": {\"fields\": [\"Username\"]}}]"}}, {"model": "admin.logentry", "pk": 102, "fields": {"action_time": "2025-02-20T14:56:08.912Z", "user": 1, "content_type": 11, "object_id": "2", "object_repr": "2c73310c6c5bd9a1c7b325f2c81ff79ecc473e8f", "action_flag": 1, "change_message": "[{\"added\": {}}]"}}, {"model": "admin.logentry", "pk": 103, "fields": {"action_time": "2025-02-20T14:57:41.727Z", "user": 1, "content_type": 11, "object_id": "1", "object_repr": "226416fe5761b4ba882a7f955a71e22846a7c17d", "action_flag": 1, "change_message": "[{\"added\": {}}]"}}, {"model": "admin.logentry", "pk": 104, "fields": {"action_time": "2025-02-20T15:26:04.082Z", "user": 1, "content_type": 4, "object_id": "4", "object_repr": "Zhibek", "action_flag": 3, "change_message": ""}}, {"model": "auth.user", "pk": 1, "fields": {"password": "pbkdf2_sha256$870000$sfjPUZMK1L88XVIEqb2qIn$llJuIgXIbObuopqQbnkJfjqIxHZ4PAgGV3403yhG5/Y=", "last_login": "2025-02-26T19:55:11.484Z", "is_superuser": true, "username": "admin", "first_name": "", "last_name": "", "email": "admin@mail.ru", "is_staff": true, "is_active": true, "date_joined": "2025-02-05T19:31:42.095Z", "groups": [], "user_permissions": []}}, {"model": "auth.user", "pk": 2, "fields": {"password": "pbkdf2_sha256$870000$23E4yqBzP6LGv8531nqH6a$CqIUHIpbuaj1RhQ2gLtVj1rYtgAM68QjMdDFLKD7nA0=", "last_login": null, "is_superuser": false, "username": "admin2", "first_name": "", "last_name": "", "email": "", "is_staff": false, "is_active": true, "date_joined": "2025-02-20T14:42:59Z", "groups": [], "user_permissions": []}}, {"model": "auth.user", "pk": 3, "fields": {"password": "pbkdf2_sha256$870000$JaorAi46VwDzLPfd2CrlAh$M8rWZp1vtJYkMyyRabQ45z9rQ1hFlGymR+RixXZvjPw=", "last_login": null, "is_superuser": false, "username": "admin3", "first_name": "", "last_name": "", "email": "", "is_staff": false, "is_active": false, "date_joined": "2025-02-20T15:21:34.709Z", "groups": [], "user_permissions": []}}, {"model": "auth.user", "pk": 5, "fields": {"password": "pbkdf2_sha256$870000$QDLQ5ZKk0A6X6A5SUmBJma$DjS55Lq2eU4pvkPS1jtBbsyAXjB1c+Xu+wBca88n3vg=", "last_login": null, "is_superuser": false, "username": "Zhibek", "first_name": "", "last_name": "", "email": "", "is_staff": false, "is_active": true, "date_joined": "2025-02-20T15:26:11.254Z", "groups": [], "user_permissions": []}}, {"model": "auth.user", "pk": 6, "fields": {"password": "pbkdf2_sha256$870000$dMmpRmXsQzv5LKTj0ySPMo$0KeDy6SLeN29rs29OMnidclz6OI4W3LoXADvOZJHFqY=", "last_login": null, "is_superuser": false, "username": "Shamil", "first_name": "", "last_name": "", "email": "", "is_staff": false, "is_active": true, "date_joined": "2025-02-20T15:32:26.662Z", "groups": [], "user_permissions": []}}, {"model": "auth.user", "pk": 7, "fields": {"password": "pbkdf2_sha256$870000$V45UXlyZFI2dP0kwjp4hFC$QMVGFnjmltxn2E8Q83t86jsIJoVztOL/jcyiQ5Yums4=", "last_login": null, "is_superuser": false, "username": "Nargiz", "first_name": "", "last_name": "", "email": "", "is_staff": false, "is_active": true, "date_joined": "2025-02-20T15:33:41.476Z", "groups": [], "user_permissions": []}}, {"model": "auth.user", "pk": 8, "fields": {"password": "pbkdf2_sha256$870000$Amr5UJZy3IP9oEH8POuyFo$qFy3ghn1fgEJvDHb0utdnyw+dTOCW567gfh1Q6aPjLc=", "last_login": null, "is_superuser": false, "username": "Esken", "first_name": "", "last_name": "", "email": "", "is_staff": false, "is_active": true, "date_joined": "2025-02-23T17:57:17.882Z", "groups": [], "user_permissions": []}}, {"model": "sessions.session", "pk": "7rwzvc8g7l48pgriytzec1jw7sc2toqo", "fields": {"session_data": ".eJxVjEEOwiAQRe_C2hCGMrR16d4zNDMwSNVAUtqV8e7apAvd_vfef6mJtjVPW5NlmqM6K1Cn340pPKTsIN6p3KoOtazLzHpX9EGbvtYoz8vh_h1kavlbW06DIATxHkQYwfmeTCDsRhuNlxRdQh4sGPTITBB6TNFak9B2Izj1_gDvozfA:1tmGEr:GRH7NfupG8569AxkFlq7M1hErWaNuL7REM1KqFKpvBM", "expire_date": "2025-03-09T17:58:01.622Z"}}, {"model": "sessions.session", "pk": "expgcj4v7tuiykpc8r0knkfk12kluyu5", "fields": {"session_data": ".eJxVjEEOwiAQRe_C2hCGMrR16d4zNDMwSNVAUtqV8e7apAvd_vfef6mJtjVPW5NlmqM6K1Cn340pPKTsIN6p3KoOtazLzHpX9EGbvtYoz8vh_h1kavlbW06DIATxHkQYwfmeTCDsRhuNlxRdQh4sGPTITBB6TNFak9B2Izj1_gDvozfA:1tnNUt:DYOS02I43njhqmkB3ncQ0oz59Q_Zdj2DK1wk-TW2RR8", "expire_date": "2025-03-12T19:55:11.488Z"}}, {"model": "sessions.session", "pk": "g14y3jux2d4ipnpsc0dnn6hnp15x1gqx", "fields": {"session_data": ".eJxVjEEOwiAQRe_C2hCGMrR16d4zNDMwSNVAUtqV8e7apAvd_vfef6mJtjVPW5NlmqM6K1Cn340pPKTsIN6p3KoOtazLzHpX9EGbvtYoz8vh_h1kavlbW06DIATxHkQYwfmeTCDsRhuNlxRdQh4sGPTITBB6TNFak9B2Izj1_gDvozfA:1thAqw:h0GAmMK8Da8ufS8fO25KwsacpTGepzYeyDHhk_fU3YE", "expire_date": "2025-02-23T17:12:18.809Z"}}, {"model": "sessions.session", "pk": "kwfz2nuzz3dde0isav42oyidcy7pozi6", "fields": {"session_data": ".eJxVjEEOwiAQRe_C2hCGMrR16d4zNDMwSNVAUtqV8e7apAvd_vfef6mJtjVPW5NlmqM6K1Cn340pPKTsIN6p3KoOtazLzHpX9EGbvtYoz8vh_h1kavlbW06DIATxHkQYwfmeTCDsRhuNlxRdQh4sGPTITBB6TNFak9B2Izj1_gDvozfA:1tiMDD:LGglHIAvkx7_yr6nV3KJWFuTLrHU73xLnPVwDOkEVTw", "expire_date": "2025-02-26T23:32:11.269Z"}}, {"model": "sessions.session", "pk": "lqug7yk1ho1a7o53sjd6080nhtp5k9qg", "fields": {"session_data": ".eJxVjEEOwiAQRe_C2hCGMrR16d4zNDMwSNVAUtqV8e7apAvd_vfef6mJtjVPW5NlmqM6K1Cn340pPKTsIN6p3KoOtazLzHpX9EGbvtYoz8vh_h1kavlbW06DIATxHkQYwfmeTCDsRhuNlxRdQh4sGPTITBB6TNFak9B2Izj1_gDvozfA:1tjj7t:gmS_9qFjQvNh9F9Qj6LyJg-MhT_xlpIom5aHPx2T_Ls", "expire_date": "2025-03-02T18:12:21.352Z"}}, {"model": "sessions.session", "pk": "q9spi8hamqja3dgan4z58gomd1usm72h", "fields": {"session_data": ".eJxVjEEOwiAQRe_C2hCGMrR16d4zNDMwSNVAUtqV8e7apAvd_vfef6mJtjVPW5NlmqM6K1Cn340pPKTsIN6p3KoOtazLzHpX9EGbvtYoz8vh_h1kavlbW06DIATxHkQYwfmeTCDsRhuNlxRdQh4sGPTITBB6TNFak9B2Izj1_gDvozfA:1tl7mA:Kt4L5b5oF_BoL8LC4EjAfKyGoCkgkxD_IAjPcHA4xzw", "expire_date": "2025-03-06T14:43:42.079Z"}}, {"model": "sessions.session", "pk": "rl9p8ql39bncn58gkrye1i5d5oxfk3qs", "fields": {"session_data": ".eJxVjEEOwiAQRe_C2hCGMrR16d4zNDMwSNVAUtqV8e7apAvd_vfef6mJtjVPW5NlmqM6K1Cn340pPKTsIN6p3KoOtazLzHpX9EGbvtYoz8vh_h1kavlbW06DIATxHkQYwfmeTCDsRhuNlxRdQh4sGPTITBB6TNFak9B2Izj1_gDvozfA:1tfl86:JKVtrFyWvmfqDlgMssuXpR-OPgRGzckPgT7ZhD9vXs8", "expire_date": "2025-02-19T19:32:10.428Z"}}, {"model": "movie_app.director", "pk": 1, "fields": {"name": "Christopher Nolan"}}, {"model": "movie_app.director", "pk": 2, "fields": {"name": "Quentin Tarantino"}}, {"model": "movie_app.director", "pk": 3, "fields": {"name": "Steven Spielberg"}}, {"model": "movie_app.director", "pk": 4, "fields": {"name": "James Cameron"}}, {"model": "movie_app.director", "pk": 5, "fields": {"name": "David Fincher"}}, {"model": "movie_app.director", "pk": 6, "fields": {"name": "Martin Scorsese"}}, {"model": "movie_app.director", "pk": 7, "fields": {"name": "Ridley Scott"}}, {"model": "movie_app.director", "pk": 8, "fields": {"name": "Guillermo del Toro"}}, {"model": "movie_app.movie", "pk": 1, "fields": {"title": "hoah", "description": "hoah", "duration": 120, "director": 8}}, {"model": "movie_app.movie", "pk": 2, "fields": {"title": "Pulp Fiction", "description": "Фильм с нестандартной структурой повествования и глубокими персонажами. Тарантино мастерски сочетает юмор и насилие, создавая культовый и увлекательный фильм.", "duration": 154, "director": 2}}, {"model": "movie_app.movie", "pk": 3, "fields": {"title": "Jurassic Park", "description": "Классика жанра приключенческого фильма. Инновационные для своего времени спецэффекты, захватывающая история и динозавры, которые до сих пор удивляют зрителей.", "duration": 127, "director": 3}}, {"model": "movie_app.movie", "pk": 4, "fields": {"title": "The Wolf of Wall Street", "description": "Экстравагантный и провокационный фильм, погружающий в мир жадности и разочарования. Леонардо ДиКаприо в роли скандального брокера – на высоте.", "duration": 180, "director": 6}}, {"model": "movie_app.movie", "pk": 5, "fields": {"title": "Avatar", "description": "Революционный фильм с невероятными визуальными эффектами и захватывающим миром. Сюжет может быть простым, но атмосфера и технология определенно заслуживают внимания.", "duration": 162, "director": 4}}, {"model": "movie_app.movie", "pk": 6, "fields": {"title": "Fight Club", "description": "Один из самых глубоких и провокационных фильмов, который затрагивает вопросы идентичности, общества и разочарования. Фильм, который оставляет сильное впечатление и много вопросов.", "duration": 139, "director": 5}}, {"model": "movie_app.movie", "pk": 7, "fields": {"title": "Gladiator", "description": "Эпическая драма с великолепной игрой Рассела Кроу. Фильм сочетает исторические события с личной местью героя, создавая мощную и вдохновляющую историю.", "duration": 155, "director": 7}}, {"model": "movie_app.movie", "pk": 8, "fields": {"title": "Pan’s Labyrinth", "description": "Поразительная и трогательная история о взрослении, где магия встречается с реальностью. Темные и фантастические элементы фильма погружают в мир, где жестокая реальность переплетается с волшебством.", "duration": 118, "director": 8}}, {"model": "movie_app.review", "pk": 2, "fields": {"text": "Тарантино всегда умеет удивлять. Это не просто фильм, а целый калейдоскоп историй, которые переплетаются и заставляют задуматься. Несмотря на немного хаотичную структуру, я не мог оторваться от экрана!", "movie": 2, "stars": 5}}, {"model": "movie_app.review", "pk": 4, "fields": {"text": "Фильм о том, как деньги могут разрушить человека. Ди Каприо просто великолепен, и фильм не отстаёт от своего рейтинга. Иногда немного перегибает, но не смог оторваться до последнего кадра!", "movie": 4, "stars": 5}}, {"model": "movie_app.review", "pk": 5, "fields": {"text": "Визуальные эффекты — это что-то невероятное! Но, честно говоря, сюжет довольно предсказуем. Все же для таких зрелищных фильмов это идеально. Отличная работа с 3D!", "movie": 5, "stars": 5}}, {"model": "movie_app.review", "pk": 6, "fields": {"text": "Это фильм, который заставляет задуматься о жизни и самопознании. Довольно жёсткий, местами странный, но я не могу сказать, что он меня разочаровал. Это то, что стоит пересматривать", "movie": 6, "stars": 4}}, {"model": "movie_app.review", "pk": 7, "fields": {"text": "Это не просто фильм о мести, это настоящий эпос. Он трогает до глубины души и заставляет сопереживать каждому персонажу. Отличная актёрская игра, и хотя сюжет не новый, он всё равно затягивает!", "movie": 7, "stars": 4}}, {"model": "movie_app.review", "pk": 8, "fields": {"text": "Магия и ужас, смешанные в одном фильме. Это не просто сказка, это страшная и трогательная история. Готов был смотреть ещё и ещё, но всё равно не мог избавиться от чувства тревоги. Очень впечатляющий!\"", "movie": 8, "stars": 3}}, {"model": "movie_app.review", "pk": 12, "fields": {"text": "не очень", "movie": 1, "stars": 2}}, {"model": "movie_app.review", "pk": 13, "fields": {"text": "могло быть и лучше", "movie": 4, "stars": 1}}, {"model": "users.userprofile", "pk": 1, "fields": {"user": 3, "confirmation_code": "312540"}}, {"model": "users.userprofile", "pk": 3, "fields": {"user": 5, "confirmation_code": "462126"}}, {"model": "users.userprofile", "pk": 4, "fields": {"user": 6, "confirmation_code": "932424"}}, {"model": "users.userprofile", "pk": 5, "fields": {"user": 7, "confirmation_code": "884900"}}, {"model": "users.userprofile", "pk": 6, "fields": {"user": 8, "confirmation_code": "128173"}}, {"model": "authtoken.token", "pk": "0a2048405b7dfd66f4b94b454441352a8a8ed275", "fields": {"user": 7, "created": "2025-02-20T15:34:42.309Z"}}, {"model": "authtoken.token", "pk": "14594f81ba9205046f0b11d6450309e85f67c7c8", "fields": {"user": 6, "created": "2025-02-20T15:33:28.838Z"}}, {"model": "authtoken.token", "pk": "226416fe5761b4ba882a7f955a71e22846a7c17d", "fields": {"user": 1, "created": "2025-02-20T14:57:41.726Z"}}, {"model": "authtoken.token", "pk": "2c73310c6c5bd9a1c7b325f2c81ff79ecc473e8f", "fields": {"user": 2, "created": "2025-02-20T14:56:08.910Z"}}, {"model": "authtoken.token", "pk": "957c4a4c5b221931f73b02a79404d1f88606c4c7", "fields": {"user": 8, "created": "2025-02-23T17:59:01.414Z"}}, {"model": "authtoken.token", "pk": "d8294b7c53a01c30111666c91c7e9e63bc59f738", "fields": {"user": 5, "created": "2025-02-20T15:32:07.756Z"}}]